Predictor,top3_count
X1,30.0
X2,41.0
X3,0.0
X4,18.0
X5,27.0
X6,34.0
RMSE_mean,2.4882565277355027
RMSE_std,0.224315520591845
