"rmse_mean","rmse_std"
2.81488565057248,0.578074433736487
