rmse_mean,rmse_std
2.7222850800676532,0.2327830063335111
