method,mean_f1,std_f1
MFDNN_classification,0.8174719187723628,0.07918755433383669
MFDNN_original,0.7458329804010918,0.09487154976769929
