"mean_f1","sd_f1"
0.732548741012515,0.11956410686999
