f1_mean,f1_std
0.7355178699480625,0.10690768913965015
